{
  "processingTickTime": 20,
  "processingTickTimeMap": {
    "IRON": 30,
    "GOLD": 35,
    "DIAMOND": 40,
    "EMERALD": 60,
    "NETHERITE": 80
  },
  "outputItems": {
    "IRON": {
      "mainOutput": {
        "chance": 1.0,
        "stack": {
          "item": "minecraft:iron_nugget"
        },
        "minCount": 1,
        "maxCount": 15
      },
      "extraOutput1": {
        "chance": 0.5,
        "stack": {
          "item": "minecraft:iron_ingot"
        },
        "minCount": 1,
        "maxCount": 1
      },
      "extraOutput2": {
        "chance": 0.3,
        "stack": {
          "item": "minecraft:iron_block"
        },
        "minCount": 1,
        "maxCount": 4
      }
    },
    "GOLD": {
      "mainOutput": {
        "chance": 1.0,
        "stack": {
          "item": "minecraft:gold_nugget"
        },
        "minCount": 1,
        "maxCount": 15
      },
      "extraOutput1": {
        "chance": 0.5,
        "stack": {
          "item": "minecraft:gold_ingot"
        },
        "minCount": 1,
        "maxCount": 1
      },
      "extraOutput2": {
        "chance": 0.3,
        "stack": {
          "item": "minecraft:gold_block"
        },
        "minCount": 1,
        "maxCount": 4
      }
    },
    "DIAMOND": {
      "mainOutput": {
        "chance": 1.0,
        "stack": {
          "item": "minecraft:diamond"
        },
        "minCount": 1,
        "maxCount": 15
      },
      "extraOutput1": {
        "chance": 0.5,
        "stack": {
          "item": "minecraft:diamond"
        },
        "minCount": 1,
        "maxCount": 1
      },
      "extraOutput2": {
        "chance": 0.2,
        "stack": {
          "item": "minecraft:diamond_block"
        },
        "minCount": 1,
        "maxCount": 3
      }
    },
    "EMERALD": {
      "mainOutput": {
        "chance": 1.0,
        "stack": {
          "item": "minecraft:emerald"
        },
        "minCount": 1,
        "maxCount": 15
      },
      "extraOutput1": {
        "chance": 0.5,
        "stack": {
          "item": "minecraft:emerald"
        },
        "minCount": 1,
        "maxCount": 1
      },
      "extraOutput2": {
        "chance": 0.3,
        "stack": {
          "item": "minecraft:emerald_block"
        },
        "minCount": 1,
        "maxCount": 2
      }
    },
    "NETHERITE": {
      "mainOutput": {
        "chance": 1.0,
        "stack": {
          "item": "minecraft:netherite_scrap"
        },
        "minCount": 1,
        "maxCount": 3
      },
      "extraOutput1": {
        "chance": 0.1,
        "stack": {
          "item": "minecraft:netherite_ingot"
        },
        "minCount": 1,
        "maxCount": 1
      },
      "extraOutput2": {
        "chance": 0.03,
        "stack": {
          "item": "minecraft:netherite_block"
        },
        "minCount": 0,
        "maxCount": 1
      }
    }
  },
  "defaultOutput": {
    "mainOutput": {
      "chance": 1.0,
      "stack": {
        "item": "minecraft:apple"
      },
      "minCount": 1,
      "maxCount": 15
    },
    "extraOutput1": {
      "chance": 0.6,
      "stack": {
        "item": "minecraft:golden_apple"
      },
      "minCount": 1,
      "maxCount": 5
    },
    "extraOutput2": {
      "chance": 0.2,
      "stack": {
        "item": "minecraft:enchanted_golden_apple"
      },
      "minCount": 1,
      "maxCount": 3
    }
  }
}